"1","BRAZILIAN PHONK DANÇA (Drift Party Phonk)","MPREb_iXgSrBEQghZ"
"14","PASSO BEM SOLTO","MPREb_JTzWKQG2YNH"
"23","NO ERA AMOR","MPREb_Lew5r4MbKfn"
"29","Reset","MPREb_4opdOB9u75F"
"30","Time","MPREb_5aGkZjDicQr"
"31","I'll do it x Metamorphosis (Slowed)","MPREb_L5dkYgsGrzq"
"32","GYPSY WOMAN x METAMORPHOSIS","MPREb_xP41JDRRxpt"
"33","METAMORPHOSIS (Sped Up)","MPREb_qVXuGBjFLLx"
"34","METAMORPHOSIS 2","MPREb_vo9zDDQi5hB"
"35","METAMORPHOSIS","MPREb_IpdyKyGQwwO"
"36","METAMORPHOSIS 2 (Sped Up)","MPREb_lH88ny1inTd"
"37","MONTAGEM BALANCA","MPREb_tBRp0Y4sA6J"
"38","AL NACER!","MPREb_yPPhC924ZCZ"
"39","MONTAGEM BAILÃO","MPREb_ybmBm01p58W"
"40","EEYUH! (Alt Versions)","MPREb_hdJgGpBOV46"
"41","METAMORPHOSIS (Slowed + Reverb)","MPREb_42DrXXDLPMa"
"42","L'Étoile D'afrique - #18 - Slow Version","MPREb_QotmWAxiCRr"
"43","EEYUH!","MPREb_YnfhC99w8uu"
"44","Funk de Revoada","MPREb_y9yZTRezf86"
"46","archangel (Slowed)","MPREb_3XERZH81yKh"
"47","Darling (Instrumental)","MPREb_VA9j6PqwHwt"
"48","INFINITY FUNK (Super Slowed)","MPREb_FnA0aMAGYmc"
"49","Montagem 3,2,1","MPREb_lmu8kcDpoxs"
"54","MONTAGEM TOMADA","MPREb_8FI8BOKaZn5"
"59","MONTAGEM XONADA","MPREb_ckLG0jgLIXr"
"67","MONTAGEM COMA","MPREb_298GLSTsvmj"
"72","MONTAGEM COMA 2.0","MPREb_1vPAwVhr0S5"
"78","ANDROMEDA MONTAGEM COMA Remaster","MPREb_gLqGmQ9fvAU"
"82","EEYUH! x Fluxxwave","MPREb_3iL2LzmZQPf"
"90","Back It Up! (Diamondz n Roses)","MPREb_K7aIkEPYck3"
"93","Midnight Hummingbird","MPREb_v7lhqkraTrZ"
"138","MONTAGEM BAILÃO (feat. Mc Jhey)","MPREb_ybmBm01p58W"
