"1","Song",\N
"2","Yo Yo Honey Singh","UCGPCYz1FTl_dvFFnzQTQzjw"
"3","Video",\N
"4","Brown Editz ","UCxCf25k57GFrKjkr-lZdlaA"
"6","Gurinder Gill","UCJVJFU9cGdj8GCQiP00uPkA"
"7","Luminara Finchs","UChutwLjA3pwj59BDhcGdzSg"
"21","Nakama","UCjV4AufPNOSHyFPXFrsqvHQ"
"22","Aesnovia","UC_zY1cAyI7ueqAauGKZ18Pw"
"31","MXZI","UCXSYGVPdqu40oQtq8g580yA"
"32","ATLXS","UC9FBjk2GblJyOuOcMpjWTvA"
"34","GXMZ","UCzB2wi7g7ra90YVSxJJhNyA"
"36","DJ FKU","UCmiGkwwmAsEFCmn9d3hR1uA"
"37","DJ Asul","UCC7eWxdLtKNQee83MY7-TrA"
"44","Frozy","UCsty8y_I7IH7_fXi--1_sSQ"
"47","Elysees","UCKhnVgJ7vvLP38Pzl-NsxJw"
"48","Plah","UCvDNlVRD2kIwBpbLHveGwAg"
"50","Rarin","UCN5vYwsY9Qa0LHW4-sX6N-A"
"52","Mr.Kitty","UCrajKr9NDZs-_1simGxgtmQ"
"53","CX1MERA","UCsob4NXOvJGvcx9t4TXDhow"
"54","†SPIDER†","UCz-yjCIs7JxO7ybwuRQ1jcQ"
"55","INTERWORLD","UC0WsUNiG2nSkkiKzZPP2sgQ"
"60","Dkayy","UClQPe6dgcmdIdKuiuffvOjw"
"61","Sayfalse","UCLAfQTXNNlTfK3PZJIL8HfQ"
"62","Nulteex","UC27_Mo34tjgmxGeWDQoRndg"
"64","Mc Gil do Andaraí","UCWyuFlpNU5jDbkW0kBOujgw"
"65","-Prey","UCR7XBBf6hAbT95q7fF1iqbA"
"66","Repsaj","UCVjNHuax7CBTnDj8lZpt7Rw"
"69","HR","UC8C01rdlnXtRvpc8m7LVXRA"
"71","Nomxn14","UC6O_uqfTuz6ry208sC6jT7g"
"74","Black Phoenix ","UC3Gbhk3wjEwLUb6XaduusJw"
"76","VDYCD","UCDtUgJKeTI-mOG3cvzURcdw"
"79","VVLTA","UCPOFaYcsKWFOBjye4n0JL3A"
"82","Lixyli","UCKdsK2FBSKlkTz66jpfcheQ"
"84","sxoukoku","UCRXoIaUiKE20HSuTKaP67qg"
"85","DJ Anemia","UC7P1TocBwdH61Df6xPp5iyw"
"86","Crier","UCQte4ugDkwEegtkwuLrGijA"
"87","sixnite","UCxyzOzcBN38qGqjWO400uqQ"
"88","LeoKarlo","UCLW_U_OPixnwAq10Hb5FWSg"
"91","Mc Gw","UCRD2CD9eZAmjFU6-3yUQ3wg"
"92","YAKUZAPHONK","UCFoEsKYTAzz48iAn-0fIstA"
"93","Skorps","UCiu7PovuuxOHBmbAX7aXAWQ"
"106","$TALWART","UCMiiNZwda1UpWPpSLg4Tdaw"
"112","Dj Samir","UCwKqj6R1wmmiO0WDCBL2y0g"
"113","DJ Javi26","UCkzKcWS5aFbiQ1NVbVVQuCg"
"127","Shanny Kutch","UCpPKw3hchiD55qxtjVtEKIA"
"132","KRXVEN","UCakcUr3AErP6CwM3MmZJPWg"
"138","GravityG","UCksIf618v6vo18yjwQ06BbA"
"142","Clovis Reyes","UCXma_gz0qZHoi3knccQZcCA"
"144","Irokz","UC3nxhEGTjDXp1x_Hii6kl8w"
"158","VaporGod","UCiBmC4FOxy83KFoKxCVXx1g"
"161","PHONK HUB","UCsH1k-1kRpS4rwyKdJy0mwg"
"201","TAMURXAN","UCZ7pYvj4HIKn5jwG7L-AIlg"
