"1","1","https://i.ytimg.com/vi/VyodL1mP8cc/sddefault.jpg"
"2","2","https://i.ytimg.com/vi/zycu0pVF_7M/sddefault.jpg?sqp=-oaymwEWCJADEOEBIAQqCghqEJQEGHgg6AJIWg&rs=AMzJL3lLk1m_P6YaUKprcrFAYo-ae8gQng"
"3","3","https://lh3.googleusercontent.com/xR41H17KzqGUx-eT0qgvMpqGhX8EVjsImIaXuNhDl2WI79peSVhABXu0BemqnEN8bp0Ez0v8z7N8GNIgXg=w400-h400-l90-rj"
"4","4","https://lh3.googleusercontent.com/xNVzBZNtXY4UWlan4AMSUL0lujpZpHxEW-42j_QsNAINUyd4WcbFgt4TxEyNEvfYoIQXWIdVEMn1Bfc=w400-h400-l90-rj"
"5","5","https://lh3.googleusercontent.com/xNVzBZNtXY4UWlan4AMSUL0lujpZpHxEW-42j_QsNAINUyd4WcbFgt4TxEyNEvfYoIQXWIdVEMn1Bfc=w400-h400-l90-rj"
"6","6","https://lh3.googleusercontent.com/xNVzBZNtXY4UWlan4AMSUL0lujpZpHxEW-42j_QsNAINUyd4WcbFgt4TxEyNEvfYoIQXWIdVEMn1Bfc=w400-h400-l90-rj"
"7","7","https://lh3.googleusercontent.com/xNVzBZNtXY4UWlan4AMSUL0lujpZpHxEW-42j_QsNAINUyd4WcbFgt4TxEyNEvfYoIQXWIdVEMn1Bfc=w400-h400-l90-rj"
"8","8","https://lh3.googleusercontent.com/xNVzBZNtXY4UWlan4AMSUL0lujpZpHxEW-42j_QsNAINUyd4WcbFgt4TxEyNEvfYoIQXWIdVEMn1Bfc=w400-h400-l90-rj"
"9","9","https://lh3.googleusercontent.com/xNVzBZNtXY4UWlan4AMSUL0lujpZpHxEW-42j_QsNAINUyd4WcbFgt4TxEyNEvfYoIQXWIdVEMn1Bfc=w400-h400-l90-rj"
"10","10","https://lh3.googleusercontent.com/xNVzBZNtXY4UWlan4AMSUL0lujpZpHxEW-42j_QsNAINUyd4WcbFgt4TxEyNEvfYoIQXWIdVEMn1Bfc=w400-h400-l90-rj"
"11","11","https://lh3.googleusercontent.com/xNVzBZNtXY4UWlan4AMSUL0lujpZpHxEW-42j_QsNAINUyd4WcbFgt4TxEyNEvfYoIQXWIdVEMn1Bfc=w400-h400-l90-rj"
"12","12","https://lh3.googleusercontent.com/xNVzBZNtXY4UWlan4AMSUL0lujpZpHxEW-42j_QsNAINUyd4WcbFgt4TxEyNEvfYoIQXWIdVEMn1Bfc=w400-h400-l90-rj"
"13","13","https://lh3.googleusercontent.com/xNVzBZNtXY4UWlan4AMSUL0lujpZpHxEW-42j_QsNAINUyd4WcbFgt4TxEyNEvfYoIQXWIdVEMn1Bfc=w400-h400-l90-rj"
"14","14","https://lh3.googleusercontent.com/xNVzBZNtXY4UWlan4AMSUL0lujpZpHxEW-42j_QsNAINUyd4WcbFgt4TxEyNEvfYoIQXWIdVEMn1Bfc=w400-h400-l90-rj"
"15","15","https://lh3.googleusercontent.com/xNVzBZNtXY4UWlan4AMSUL0lujpZpHxEW-42j_QsNAINUyd4WcbFgt4TxEyNEvfYoIQXWIdVEMn1Bfc=w400-h400-l90-rj"
"16","16","https://lh3.googleusercontent.com/xNVzBZNtXY4UWlan4AMSUL0lujpZpHxEW-42j_QsNAINUyd4WcbFgt4TxEyNEvfYoIQXWIdVEMn1Bfc=w400-h400-l90-rj"
"17","17","https://lh3.googleusercontent.com/hsxflCF--GIjXPmWDO7lssf4NSt4j__v1SwOPa_bvBH85H4_EePffX0vVDtcxMpCoeMC_UREWPeXSMiF=w400-h400-l90-rj"
"18","18","https://lh3.googleusercontent.com/W9vdWtGNccbwwGuSU91IMfoD8y66TvlZsoqh0TYuwyr8DuRYZ0uPRqPsX7P1sS7AP-MRmhSjma8wmfY=w400-h400-l90-rj"
"19","19","https://lh3.googleusercontent.com/W9vdWtGNccbwwGuSU91IMfoD8y66TvlZsoqh0TYuwyr8DuRYZ0uPRqPsX7P1sS7AP-MRmhSjma8wmfY=w400-h400-l90-rj"
"20","20","https://lh3.googleusercontent.com/W9vdWtGNccbwwGuSU91IMfoD8y66TvlZsoqh0TYuwyr8DuRYZ0uPRqPsX7P1sS7AP-MRmhSjma8wmfY=w400-h400-l90-rj"
"21","21","https://lh3.googleusercontent.com/W9vdWtGNccbwwGuSU91IMfoD8y66TvlZsoqh0TYuwyr8DuRYZ0uPRqPsX7P1sS7AP-MRmhSjma8wmfY=w400-h400-l90-rj"
"22","22","https://lh3.googleusercontent.com/W9vdWtGNccbwwGuSU91IMfoD8y66TvlZsoqh0TYuwyr8DuRYZ0uPRqPsX7P1sS7AP-MRmhSjma8wmfY=w400-h400-l90-rj"
"23","23","https://lh3.googleusercontent.com/W9vdWtGNccbwwGuSU91IMfoD8y66TvlZsoqh0TYuwyr8DuRYZ0uPRqPsX7P1sS7AP-MRmhSjma8wmfY=w400-h400-l90-rj"
"24","24","https://lh3.googleusercontent.com/W9vdWtGNccbwwGuSU91IMfoD8y66TvlZsoqh0TYuwyr8DuRYZ0uPRqPsX7P1sS7AP-MRmhSjma8wmfY=w400-h400-l90-rj"
"25","25","https://lh3.googleusercontent.com/W9vdWtGNccbwwGuSU91IMfoD8y66TvlZsoqh0TYuwyr8DuRYZ0uPRqPsX7P1sS7AP-MRmhSjma8wmfY=w400-h400-l90-rj"
"26","26","https://lh3.googleusercontent.com/W9vdWtGNccbwwGuSU91IMfoD8y66TvlZsoqh0TYuwyr8DuRYZ0uPRqPsX7P1sS7AP-MRmhSjma8wmfY=w400-h400-l90-rj"
"27","27","https://lh3.googleusercontent.com/-pbaDhiXn9MrYdMKZ7o143PrWV4poJEXqS6IJppBb_707iozBP59HUJlOd3gEqTaWgW_vP2djPMyh4WQ=w400-h400-l90-rj"
"28","28","https://lh3.googleusercontent.com/jEWCtwZTQX2HWyvI4jEEIPDEgRbCpfyrhwed5AHNe5tCiOYVIx4t-w4_OFnzAVSJiURdbKp9UYxNNxVP=w400-h400-l90-rj"
"29","29","https://lh3.googleusercontent.com/SOwUcNk7MMOsb5dxNfb7f36guKFd4TaPv7RKQjaNWsODcxiB3Os5DvVnX_-opFZ7tgg-p9nFgd0CoL_W=w400-h400-l90-rj"
"30","30","https://lh3.googleusercontent.com/zGLJWvJhRc5QXu8YXFFpWyJQf72VTJk_WJY0U-d7GsCGl6Z3WeI3IrP6mKaLVbQj3uAJeVCcdWm56xV0=w400-h400-l90-rj"
"31","31","https://lh3.googleusercontent.com/zGLJWvJhRc5QXu8YXFFpWyJQf72VTJk_WJY0U-d7GsCGl6Z3WeI3IrP6mKaLVbQj3uAJeVCcdWm56xV0=w400-h400-l90-rj"
"32","32","https://lh3.googleusercontent.com/zGLJWvJhRc5QXu8YXFFpWyJQf72VTJk_WJY0U-d7GsCGl6Z3WeI3IrP6mKaLVbQj3uAJeVCcdWm56xV0=w400-h400-l90-rj"
"33","33","https://lh3.googleusercontent.com/zGLJWvJhRc5QXu8YXFFpWyJQf72VTJk_WJY0U-d7GsCGl6Z3WeI3IrP6mKaLVbQj3uAJeVCcdWm56xV0=w400-h400-l90-rj"
"34","34","https://lh3.googleusercontent.com/zGLJWvJhRc5QXu8YXFFpWyJQf72VTJk_WJY0U-d7GsCGl6Z3WeI3IrP6mKaLVbQj3uAJeVCcdWm56xV0=w400-h400-l90-rj"
"35","35","https://lh3.googleusercontent.com/zGLJWvJhRc5QXu8YXFFpWyJQf72VTJk_WJY0U-d7GsCGl6Z3WeI3IrP6mKaLVbQj3uAJeVCcdWm56xV0=w400-h400-l90-rj"
"36","36","https://lh3.googleusercontent.com/MPkIearCYl3JzO2ixBE7GI-2TaBga_xESmg0wmKf4oMY_tWDC_Non1uups9t9swSkUhVSA2lNe3erFY2=w400-h400-l90-rj"
"37","37","https://lh3.googleusercontent.com/hRO83fEOwqOI7Tp2OGSTeKhqaQMbxIazVMeYsasXnEZNIUbJj21q_2PVdXVBe2vdJZTUJanM6R4h0HQJHA=w400-h400-l90-rj"
"38","38","https://lh3.googleusercontent.com/oE4QM1SaB6URrnifOjQ8i0hcvNsjMWC9Q92Q-ZtbPaaDQtbL5jJFc4TIeEXK4N6AVGQHUa45fiAujsyaqg=w400-h400-l90-rj"
"39","39","https://lh3.googleusercontent.com/8TjknjsaxbZiOadf8bNHZFvwsggfa-fFIK-ZrALo3wBpwbrh8tS3RhI3PlMoI7Gwb2iwhII6R-r-Wnw=w400-h400-l90-rj"
"40","40","https://lh3.googleusercontent.com/b92yfjtgYeBaZDIzQViE8zlfsDwvImUJuGqwIBOQmyxrcG1cvyVdJKzuIiZLKU_aBM_X4h43rXgUkjMD=w400-h400-l90-rj"
"41","41","https://lh3.googleusercontent.com/O1yxDa4pRadtibCHf06-KO70CXuS7hLfq9UZLMJa72ZVv_L8ymOp6k2LKwMi0sWQZiZDHJ1bTLNmr8JQ=w400-h400-l90-rj"
"42","42","https://lh3.googleusercontent.com/0bo-tvCrZuzz1hkA0vngP0DRa5LCj5F0a-LoS5bO3M0rgT5_6LlpRa5FmCB7EvCnrwj8jVSMpgCvYu3rPQ=w400-h400-l90-rj"
"43","43","https://lh3.googleusercontent.com/bhjOdVgZASdwql_xvuQgj7mZD4weNRPOsMAhg5gZiW5p6EGeIraU6RkTIX4bbW6jrI8nyrdZ6bJHG7hS=w400-h400-l90-rj"
"44","44","https://lh3.googleusercontent.com/ht0t462mRNNallWihM-ozUizp5PX9vdx_q9W7jnCAdwZmrFnTkFf_ZcTGMat2PTJqzQrxWYf8MSQ6i8f=w400-h400-l90-rj"
"45","45","https://lh3.googleusercontent.com/v7NytYEezEIqXU8rIuWe6Rvt3CpjWOe70IVqkkVipgp9TZ5Uk4lbA-GpLy-Wn2vimZhPWZ6NdDiNPuHspg=w400-h400-l90-rj"
"46","46","https://lh3.googleusercontent.com/sW_-fqRYb266VXYS6MRH12-V-E5Jrxlzpz3SWlYg7aDQz5urKmWZ2VqedXl6eAAskhyJiI87tsCtkQYDiA=w400-h400-l90-rj"
"47","47","https://lh3.googleusercontent.com/bLOwHwNTRzY8VWv9kceP2C5nP7qBrW6k6yPeMDqXgV3e21wLwjKSp8kk6TXhyxJARHebVJ4PhQ22SJFY=w400-h400-l90-rj"
"48","48","https://lh3.googleusercontent.com/5kY9DWEXC-uNI9yiwNc9EvX3_31U6riV8SiD-3C-MugDOzkMF_08tR7ye791rOLUdAH4NCmtdNiloWjp=w400-h400-l90-rj"
"49","49","https://i.ytimg.com/vi/DCW1f5YUxbg/sddefault.jpg?sqp=-oaymwEWCJADEOEBIAQqCghqEJQEGHgg6AJIWg&rs=AMzJL3mB2Gpygzvg-AW8BQCyWP3IxmuvXQ"
"50","50","https://lh3.googleusercontent.com/T9k7GHOBsM4okqj2kN_ZX3R23ofgendIAmB0lxrZPkH95p5If3w2CCkaLBnxhMwkmmLzhAiBTRVXV-93=w400-h400-l90-rj"
"51","51","https://lh3.googleusercontent.com/Rs_TXPVC53WDKQgM-_b8ufhjpDqxS9b9ZQMRg0KTUtyAnaY1GtfAEpy03c5ek7RPrB54Wqa-TH3xa9w=w400-h400-l90-rj"
"52","52","https://lh3.googleusercontent.com/qD20uNfcuTScrd9HWIwswhx2DhzqZTWbukztInydcaf27uM4uIb4d3jTr3wj8w9yO32V_9i3z8BTgkXGUQ=w400-h400-l90-rj"
"53","53","https://i.ytimg.com/vi/IdV1Es4yLeI/sddefault.jpg?sqp=-oaymwEWCJADEOEBIAQqCghqEJQEGHgg6AJIWg&rs=AMzJL3mRtyJ65isqOxzCx3MsxqJ7DW4hIw"
"54","54","https://i.ytimg.com/vi/K8GbfxQVMoI/sddefault.jpg?sqp=-oaymwEWCJADEOEBIAQqCghqEJQEGHgg6AJIWg&rs=AMzJL3la8i_E2Di3f61p5b4SgEuop99T5w"
"55","55","https://lh3.googleusercontent.com/h0Xw61SrzykwosC1QXUVBOzWG8vuyJ-93fPL14Q5eY5tYKWNLNWlsyB46ADL-DnalQu4ezJqnUXcF5jI=w400-h400-l90-rj"
"56","56","https://lh3.googleusercontent.com/hM7TiC-cuvWQTOkI3jLjHDGzFKQGcoqlua0Ho748kg1QH74bTBZHaeYQtJ8M7IXdrBwF-BPDBi3Ye2hQ=w400-h400-l90-rj"
"57","57","https://lh3.googleusercontent.com/C30Qbq_1BAC3-xjjEnBJgpDZbxADKdBkvjx1iAEvA037VwJHR5oa48Iu28d6dJmUmk917l3h30V4DCPIig=w400-h400-l90-rj"
"58","58","https://i.ytimg.com/vi/eUdpJo9Ic0U/sddefault.jpg?sqp=-oaymwEWCJADEOEBIAQqCghqEJQEGHgg6AJIWg&rs=AMzJL3muC28f62tfmkWWdhcNBy5DG_Hhzw"
"59","59","https://lh3.googleusercontent.com/99a8bCJvMTqmgBmm9k3ATYZnWNSNRvAiEqbc_57JsgJTuKmW1s04u9YO8goVhXmpljsklWVVTPbFV-mA=w400-h400-l90-rj"
"60","60","https://lh3.googleusercontent.com/99a8bCJvMTqmgBmm9k3ATYZnWNSNRvAiEqbc_57JsgJTuKmW1s04u9YO8goVhXmpljsklWVVTPbFV-mA=w400-h400-l90-rj"
"61","61","https://i.ytimg.com/vi/kBcy-K4FzLY/sddefault.jpg?sqp=-oaymwEWCJADEOEBIAQqCghqEJQEGHgg6AJIWg&rs=AMzJL3lFWtb4-HN33r9kdKIgtkNGbyzc4g"
"62","62","https://i.ytimg.com/vi/kRQXFJyrMUE/sddefault.jpg?sqp=-oaymwEWCJADEOEBIAQqCghqEJQEGHgg6AJIWg&rs=AMzJL3kHdKTQGeWzBxZXHHkEE2EPYnxziQ"
"63","63","https://lh3.googleusercontent.com/kOiUG63ekQOidwPFcTfa2MT00JDz6TNwAbk7IatYtUXmO1vhXMoAqA2xhrMgDWmyzbRii_gFCOk7dq3m=w400-h400-l90-rj"
"64","64","https://lh3.googleusercontent.com/fq1lW4CdTaap5B4_P5qlk8YBVW6moFrpdFQS2rpbkTui1iq2kZ275ELhaCHIuYof7fzrA2850JhGkc0ATg=w400-h400-l90-rj"
"65","65","https://lh3.googleusercontent.com/sJgANM-SC80DlUHMReA7YosziyUJFAUUlHm6jGSj7gcAKxr9YdWhGsT2slS0gjJnIuc7hY6_M76GhHA=w400-h400-l90-rj"
"66","66","https://lh3.googleusercontent.com/O_-1LuVLussCIZEeMPp0zmX5eU5Nz83OKhRoPk8CrUOwy8SpdEcIQypjKYNpJx0z7k8z0jVGanJcv2lA=w400-h400-l90-rj"
"67","67","https://lh3.googleusercontent.com/O_-1LuVLussCIZEeMPp0zmX5eU5Nz83OKhRoPk8CrUOwy8SpdEcIQypjKYNpJx0z7k8z0jVGanJcv2lA=w400-h400-l90-rj"
"68","68","https://lh3.googleusercontent.com/O_-1LuVLussCIZEeMPp0zmX5eU5Nz83OKhRoPk8CrUOwy8SpdEcIQypjKYNpJx0z7k8z0jVGanJcv2lA=w400-h400-l90-rj"
"69","69","https://lh3.googleusercontent.com/O_-1LuVLussCIZEeMPp0zmX5eU5Nz83OKhRoPk8CrUOwy8SpdEcIQypjKYNpJx0z7k8z0jVGanJcv2lA=w400-h400-l90-rj"
"70","70","https://lh3.googleusercontent.com/O_-1LuVLussCIZEeMPp0zmX5eU5Nz83OKhRoPk8CrUOwy8SpdEcIQypjKYNpJx0z7k8z0jVGanJcv2lA=w400-h400-l90-rj"
"71","71","https://lh3.googleusercontent.com/OhK9_c8zQecEaoZn6R4woD3Z2ZLPcB5yOJKl5qYIgKbyL27QgSWTMCBaDU48odQNUuDk6n2yveSY1kUD=w400-h400-l90-rj"
"72","72","https://lh3.googleusercontent.com/OhK9_c8zQecEaoZn6R4woD3Z2ZLPcB5yOJKl5qYIgKbyL27QgSWTMCBaDU48odQNUuDk6n2yveSY1kUD=w400-h400-l90-rj"
"73","73","https://lh3.googleusercontent.com/OhK9_c8zQecEaoZn6R4woD3Z2ZLPcB5yOJKl5qYIgKbyL27QgSWTMCBaDU48odQNUuDk6n2yveSY1kUD=w400-h400-l90-rj"
"74","74","https://lh3.googleusercontent.com/OhK9_c8zQecEaoZn6R4woD3Z2ZLPcB5yOJKl5qYIgKbyL27QgSWTMCBaDU48odQNUuDk6n2yveSY1kUD=w400-h400-l90-rj"
"75","75","https://lh3.googleusercontent.com/OhK9_c8zQecEaoZn6R4woD3Z2ZLPcB5yOJKl5qYIgKbyL27QgSWTMCBaDU48odQNUuDk6n2yveSY1kUD=w400-h400-l90-rj"
"76","76","https://lh3.googleusercontent.com/Q5UwGoyybGCmgsNQuhhUw6WR317kL5oONkCWRn-Cyyv6Ou3ugDlTZ8JUGQ7kGJ5CC6Ep6aXtvr_Ra-qg=w400-h400-l90-rj"
"77","77","https://lh3.googleusercontent.com/Q5UwGoyybGCmgsNQuhhUw6WR317kL5oONkCWRn-Cyyv6Ou3ugDlTZ8JUGQ7kGJ5CC6Ep6aXtvr_Ra-qg=w400-h400-l90-rj"
"78","78","https://lh3.googleusercontent.com/Q5UwGoyybGCmgsNQuhhUw6WR317kL5oONkCWRn-Cyyv6Ou3ugDlTZ8JUGQ7kGJ5CC6Ep6aXtvr_Ra-qg=w400-h400-l90-rj"
"79","79","https://lh3.googleusercontent.com/Q5UwGoyybGCmgsNQuhhUw6WR317kL5oONkCWRn-Cyyv6Ou3ugDlTZ8JUGQ7kGJ5CC6Ep6aXtvr_Ra-qg=w400-h400-l90-rj"
"80","80","https://lh3.googleusercontent.com/5F47qZ3pQoI_CY8UvcNjXx6EH4kOpuDG1UDRO6LJtarbz1y1uLbT-mHR3fwGjmS1M76QDotyQsYFBIn_=w400-h400-l90-rj"
"81","81","https://lh3.googleusercontent.com/5F47qZ3pQoI_CY8UvcNjXx6EH4kOpuDG1UDRO6LJtarbz1y1uLbT-mHR3fwGjmS1M76QDotyQsYFBIn_=w400-h400-l90-rj"
"82","82","https://lh3.googleusercontent.com/5F47qZ3pQoI_CY8UvcNjXx6EH4kOpuDG1UDRO6LJtarbz1y1uLbT-mHR3fwGjmS1M76QDotyQsYFBIn_=w400-h400-l90-rj"
"83","83","https://lh3.googleusercontent.com/5F47qZ3pQoI_CY8UvcNjXx6EH4kOpuDG1UDRO6LJtarbz1y1uLbT-mHR3fwGjmS1M76QDotyQsYFBIn_=w400-h400-l90-rj"
"84","84","https://lh3.googleusercontent.com/nASbR-K7XWKnDuUPV-xIIyTmaI43LdzMCpUOIvDJfl_2AAk0-udk4c-tdibYqi7RaIR436EbpBauRVH0=w400-h400-l90-rj"
"85","85","https://lh3.googleusercontent.com/nASbR-K7XWKnDuUPV-xIIyTmaI43LdzMCpUOIvDJfl_2AAk0-udk4c-tdibYqi7RaIR436EbpBauRVH0=w400-h400-l90-rj"
"86","86","https://lh3.googleusercontent.com/nASbR-K7XWKnDuUPV-xIIyTmaI43LdzMCpUOIvDJfl_2AAk0-udk4c-tdibYqi7RaIR436EbpBauRVH0=w400-h400-l90-rj"
"87","87","https://lh3.googleusercontent.com/nASbR-K7XWKnDuUPV-xIIyTmaI43LdzMCpUOIvDJfl_2AAk0-udk4c-tdibYqi7RaIR436EbpBauRVH0=w400-h400-l90-rj"
"88","88","https://lh3.googleusercontent.com/nASbR-K7XWKnDuUPV-xIIyTmaI43LdzMCpUOIvDJfl_2AAk0-udk4c-tdibYqi7RaIR436EbpBauRVH0=w400-h400-l90-rj"
"89","89","https://lh3.googleusercontent.com/Ah_-fhD5Lx2i-lU-JrOBcdgK0MctWvnfnvaigXMVyf4TbJXtiW6-srLYSyxv7sZKxksZSPH0naqw07Tl=w400-h400-l90-rj"
"90","90","https://lh3.googleusercontent.com/Ah_-fhD5Lx2i-lU-JrOBcdgK0MctWvnfnvaigXMVyf4TbJXtiW6-srLYSyxv7sZKxksZSPH0naqw07Tl=w400-h400-l90-rj"
"91","91","https://lh3.googleusercontent.com/Ah_-fhD5Lx2i-lU-JrOBcdgK0MctWvnfnvaigXMVyf4TbJXtiW6-srLYSyxv7sZKxksZSPH0naqw07Tl=w400-h400-l90-rj"
"92","92","https://lh3.googleusercontent.com/Ah_-fhD5Lx2i-lU-JrOBcdgK0MctWvnfnvaigXMVyf4TbJXtiW6-srLYSyxv7sZKxksZSPH0naqw07Tl=w400-h400-l90-rj"
"93","93","https://lh3.googleusercontent.com/Ah_-fhD5Lx2i-lU-JrOBcdgK0MctWvnfnvaigXMVyf4TbJXtiW6-srLYSyxv7sZKxksZSPH0naqw07Tl=w400-h400-l90-rj"
"94","94","https://lh3.googleusercontent.com/Ah_-fhD5Lx2i-lU-JrOBcdgK0MctWvnfnvaigXMVyf4TbJXtiW6-srLYSyxv7sZKxksZSPH0naqw07Tl=w400-h400-l90-rj"
"95","95","https://lh3.googleusercontent.com/w2vERl7cjyKSXQVU85d_MtcdbBteF9vghggaLCPGJuM65TUqRo42XC5QTLtZRjA43P41Hdod6IEmaptQ0A=w400-h400-l90-rj"
"96","96","https://lh3.googleusercontent.com/w2vERl7cjyKSXQVU85d_MtcdbBteF9vghggaLCPGJuM65TUqRo42XC5QTLtZRjA43P41Hdod6IEmaptQ0A=w400-h400-l90-rj"
"97","97","https://lh3.googleusercontent.com/w2vERl7cjyKSXQVU85d_MtcdbBteF9vghggaLCPGJuM65TUqRo42XC5QTLtZRjA43P41Hdod6IEmaptQ0A=w400-h400-l90-rj"
"98","98","https://lh3.googleusercontent.com/w2vERl7cjyKSXQVU85d_MtcdbBteF9vghggaLCPGJuM65TUqRo42XC5QTLtZRjA43P41Hdod6IEmaptQ0A=w400-h400-l90-rj"
"99","99","https://lh3.googleusercontent.com/LQYHT-_u6xjkfcK7ec6vB6tNLovA8DUo3OEKOIbu01rHPI0KLLTAWrknA_znctkcT7yIWl-0uwJg7hs=w400-h400-l90-rj"
"100","100","https://lh3.googleusercontent.com/LQYHT-_u6xjkfcK7ec6vB6tNLovA8DUo3OEKOIbu01rHPI0KLLTAWrknA_znctkcT7yIWl-0uwJg7hs=w400-h400-l90-rj"
"101","101","https://lh3.googleusercontent.com/LQYHT-_u6xjkfcK7ec6vB6tNLovA8DUo3OEKOIbu01rHPI0KLLTAWrknA_znctkcT7yIWl-0uwJg7hs=w400-h400-l90-rj"
"102","102","https://lh3.googleusercontent.com/LQYHT-_u6xjkfcK7ec6vB6tNLovA8DUo3OEKOIbu01rHPI0KLLTAWrknA_znctkcT7yIWl-0uwJg7hs=w400-h400-l90-rj"
"103","103","https://lh3.googleusercontent.com/Rs_TXPVC53WDKQgM-_b8ufhjpDqxS9b9ZQMRg0KTUtyAnaY1GtfAEpy03c5ek7RPrB54Wqa-TH3xa9w=w400-h400-l90-rj"
"104","104","https://lh3.googleusercontent.com/Rs_TXPVC53WDKQgM-_b8ufhjpDqxS9b9ZQMRg0KTUtyAnaY1GtfAEpy03c5ek7RPrB54Wqa-TH3xa9w=w400-h400-l90-rj"
"105","105","https://lh3.googleusercontent.com/Rs_TXPVC53WDKQgM-_b8ufhjpDqxS9b9ZQMRg0KTUtyAnaY1GtfAEpy03c5ek7RPrB54Wqa-TH3xa9w=w400-h400-l90-rj"
"106","106","https://lh3.googleusercontent.com/Rs_TXPVC53WDKQgM-_b8ufhjpDqxS9b9ZQMRg0KTUtyAnaY1GtfAEpy03c5ek7RPrB54Wqa-TH3xa9w=w400-h400-l90-rj"
"107","107","https://lh3.googleusercontent.com/VN_aaO5l7Wl_8G5MQUxVQxcSDtEAT-ni6TiaoLAJmGYyLF-eswfAtcgRcOyWMJV9NOMdA0X8emL9EWF_=w400-h400-l90-rj"
"108","108","https://lh3.googleusercontent.com/VN_aaO5l7Wl_8G5MQUxVQxcSDtEAT-ni6TiaoLAJmGYyLF-eswfAtcgRcOyWMJV9NOMdA0X8emL9EWF_=w400-h400-l90-rj"
"109","109","https://lh3.googleusercontent.com/VN_aaO5l7Wl_8G5MQUxVQxcSDtEAT-ni6TiaoLAJmGYyLF-eswfAtcgRcOyWMJV9NOMdA0X8emL9EWF_=w400-h400-l90-rj"
"110","110","https://lh3.googleusercontent.com/yAhz9N-gBv1lwjQNE6c3MvaMkcNtwtAFObWXeJ7kAxWUp5DNMA_BttYuAPFY4F8OJK5PnOwT2JDvyNdB=w400-h400-l90-rj"
"111","111","https://lh3.googleusercontent.com/yAhz9N-gBv1lwjQNE6c3MvaMkcNtwtAFObWXeJ7kAxWUp5DNMA_BttYuAPFY4F8OJK5PnOwT2JDvyNdB=w400-h400-l90-rj"
"112","112","https://lh3.googleusercontent.com/yAhz9N-gBv1lwjQNE6c3MvaMkcNtwtAFObWXeJ7kAxWUp5DNMA_BttYuAPFY4F8OJK5PnOwT2JDvyNdB=w400-h400-l90-rj"
"113","113","https://lh3.googleusercontent.com/yAhz9N-gBv1lwjQNE6c3MvaMkcNtwtAFObWXeJ7kAxWUp5DNMA_BttYuAPFY4F8OJK5PnOwT2JDvyNdB=w400-h400-l90-rj"
"114","114","https://lh3.googleusercontent.com/yAhz9N-gBv1lwjQNE6c3MvaMkcNtwtAFObWXeJ7kAxWUp5DNMA_BttYuAPFY4F8OJK5PnOwT2JDvyNdB=w400-h400-l90-rj"
"115","115","https://lh3.googleusercontent.com/yAhz9N-gBv1lwjQNE6c3MvaMkcNtwtAFObWXeJ7kAxWUp5DNMA_BttYuAPFY4F8OJK5PnOwT2JDvyNdB=w400-h400-l90-rj"
"116","116","https://lh3.googleusercontent.com/yAhz9N-gBv1lwjQNE6c3MvaMkcNtwtAFObWXeJ7kAxWUp5DNMA_BttYuAPFY4F8OJK5PnOwT2JDvyNdB=w400-h400-l90-rj"
"117","117","https://lh3.googleusercontent.com/yAhz9N-gBv1lwjQNE6c3MvaMkcNtwtAFObWXeJ7kAxWUp5DNMA_BttYuAPFY4F8OJK5PnOwT2JDvyNdB=w400-h400-l90-rj"
"118","118","https://lh3.googleusercontent.com/yAhz9N-gBv1lwjQNE6c3MvaMkcNtwtAFObWXeJ7kAxWUp5DNMA_BttYuAPFY4F8OJK5PnOwT2JDvyNdB=w400-h400-l90-rj"
"119","119","https://lh3.googleusercontent.com/yAhz9N-gBv1lwjQNE6c3MvaMkcNtwtAFObWXeJ7kAxWUp5DNMA_BttYuAPFY4F8OJK5PnOwT2JDvyNdB=w400-h400-l90-rj"
"120","120","https://lh3.googleusercontent.com/yAhz9N-gBv1lwjQNE6c3MvaMkcNtwtAFObWXeJ7kAxWUp5DNMA_BttYuAPFY4F8OJK5PnOwT2JDvyNdB=w400-h400-l90-rj"
"121","121","https://lh3.googleusercontent.com/yAhz9N-gBv1lwjQNE6c3MvaMkcNtwtAFObWXeJ7kAxWUp5DNMA_BttYuAPFY4F8OJK5PnOwT2JDvyNdB=w400-h400-l90-rj"
"122","122","https://lh3.googleusercontent.com/yAhz9N-gBv1lwjQNE6c3MvaMkcNtwtAFObWXeJ7kAxWUp5DNMA_BttYuAPFY4F8OJK5PnOwT2JDvyNdB=w400-h400-l90-rj"
"123","123","https://lh3.googleusercontent.com/yAhz9N-gBv1lwjQNE6c3MvaMkcNtwtAFObWXeJ7kAxWUp5DNMA_BttYuAPFY4F8OJK5PnOwT2JDvyNdB=w400-h400-l90-rj"
"124","124","https://lh3.googleusercontent.com/yAhz9N-gBv1lwjQNE6c3MvaMkcNtwtAFObWXeJ7kAxWUp5DNMA_BttYuAPFY4F8OJK5PnOwT2JDvyNdB=w400-h400-l90-rj"
"125","125","https://lh3.googleusercontent.com/yAhz9N-gBv1lwjQNE6c3MvaMkcNtwtAFObWXeJ7kAxWUp5DNMA_BttYuAPFY4F8OJK5PnOwT2JDvyNdB=w400-h400-l90-rj"
"126","126","https://lh3.googleusercontent.com/yAhz9N-gBv1lwjQNE6c3MvaMkcNtwtAFObWXeJ7kAxWUp5DNMA_BttYuAPFY4F8OJK5PnOwT2JDvyNdB=w400-h400-l90-rj"
"127","127","https://lh3.googleusercontent.com/yAhz9N-gBv1lwjQNE6c3MvaMkcNtwtAFObWXeJ7kAxWUp5DNMA_BttYuAPFY4F8OJK5PnOwT2JDvyNdB=w400-h400-l90-rj"
"128","128","https://lh3.googleusercontent.com/yAhz9N-gBv1lwjQNE6c3MvaMkcNtwtAFObWXeJ7kAxWUp5DNMA_BttYuAPFY4F8OJK5PnOwT2JDvyNdB=w400-h400-l90-rj"
"129","129","https://lh3.googleusercontent.com/yAhz9N-gBv1lwjQNE6c3MvaMkcNtwtAFObWXeJ7kAxWUp5DNMA_BttYuAPFY4F8OJK5PnOwT2JDvyNdB=w400-h400-l90-rj"
"130","130","https://lh3.googleusercontent.com/yAhz9N-gBv1lwjQNE6c3MvaMkcNtwtAFObWXeJ7kAxWUp5DNMA_BttYuAPFY4F8OJK5PnOwT2JDvyNdB=w400-h400-l90-rj"
"131","131","https://lh3.googleusercontent.com/yAhz9N-gBv1lwjQNE6c3MvaMkcNtwtAFObWXeJ7kAxWUp5DNMA_BttYuAPFY4F8OJK5PnOwT2JDvyNdB=w400-h400-l90-rj"
"132","132","https://lh3.googleusercontent.com/yAhz9N-gBv1lwjQNE6c3MvaMkcNtwtAFObWXeJ7kAxWUp5DNMA_BttYuAPFY4F8OJK5PnOwT2JDvyNdB=w400-h400-l90-rj"
"133","133","https://lh3.googleusercontent.com/yAhz9N-gBv1lwjQNE6c3MvaMkcNtwtAFObWXeJ7kAxWUp5DNMA_BttYuAPFY4F8OJK5PnOwT2JDvyNdB=w400-h400-l90-rj"
"134","134","https://lh3.googleusercontent.com/yAhz9N-gBv1lwjQNE6c3MvaMkcNtwtAFObWXeJ7kAxWUp5DNMA_BttYuAPFY4F8OJK5PnOwT2JDvyNdB=w400-h400-l90-rj"
"135","135","https://lh3.googleusercontent.com/yAhz9N-gBv1lwjQNE6c3MvaMkcNtwtAFObWXeJ7kAxWUp5DNMA_BttYuAPFY4F8OJK5PnOwT2JDvyNdB=w400-h400-l90-rj"
"136","136","https://lh3.googleusercontent.com/yAhz9N-gBv1lwjQNE6c3MvaMkcNtwtAFObWXeJ7kAxWUp5DNMA_BttYuAPFY4F8OJK5PnOwT2JDvyNdB=w400-h400-l90-rj"
"137","137","https://lh3.googleusercontent.com/yAhz9N-gBv1lwjQNE6c3MvaMkcNtwtAFObWXeJ7kAxWUp5DNMA_BttYuAPFY4F8OJK5PnOwT2JDvyNdB=w400-h400-l90-rj"
"138","138","https://lh3.googleusercontent.com/yAhz9N-gBv1lwjQNE6c3MvaMkcNtwtAFObWXeJ7kAxWUp5DNMA_BttYuAPFY4F8OJK5PnOwT2JDvyNdB=w400-h400-l90-rj"
"139","139","https://lh3.googleusercontent.com/yAhz9N-gBv1lwjQNE6c3MvaMkcNtwtAFObWXeJ7kAxWUp5DNMA_BttYuAPFY4F8OJK5PnOwT2JDvyNdB=w400-h400-l90-rj"
"140","140","https://lh3.googleusercontent.com/yAhz9N-gBv1lwjQNE6c3MvaMkcNtwtAFObWXeJ7kAxWUp5DNMA_BttYuAPFY4F8OJK5PnOwT2JDvyNdB=w400-h400-l90-rj"
"141","141","https://lh3.googleusercontent.com/yAhz9N-gBv1lwjQNE6c3MvaMkcNtwtAFObWXeJ7kAxWUp5DNMA_BttYuAPFY4F8OJK5PnOwT2JDvyNdB=w400-h400-l90-rj"
"142","142","https://lh3.googleusercontent.com/yAhz9N-gBv1lwjQNE6c3MvaMkcNtwtAFObWXeJ7kAxWUp5DNMA_BttYuAPFY4F8OJK5PnOwT2JDvyNdB=w400-h400-l90-rj"
"143","143","https://lh3.googleusercontent.com/yAhz9N-gBv1lwjQNE6c3MvaMkcNtwtAFObWXeJ7kAxWUp5DNMA_BttYuAPFY4F8OJK5PnOwT2JDvyNdB=w400-h400-l90-rj"
"144","144","https://lh3.googleusercontent.com/yAhz9N-gBv1lwjQNE6c3MvaMkcNtwtAFObWXeJ7kAxWUp5DNMA_BttYuAPFY4F8OJK5PnOwT2JDvyNdB=w400-h400-l90-rj"
"145","145","https://lh3.googleusercontent.com/yAhz9N-gBv1lwjQNE6c3MvaMkcNtwtAFObWXeJ7kAxWUp5DNMA_BttYuAPFY4F8OJK5PnOwT2JDvyNdB=w400-h400-l90-rj"
"146","146","https://lh3.googleusercontent.com/yAhz9N-gBv1lwjQNE6c3MvaMkcNtwtAFObWXeJ7kAxWUp5DNMA_BttYuAPFY4F8OJK5PnOwT2JDvyNdB=w400-h400-l90-rj"
"147","147","https://lh3.googleusercontent.com/yAhz9N-gBv1lwjQNE6c3MvaMkcNtwtAFObWXeJ7kAxWUp5DNMA_BttYuAPFY4F8OJK5PnOwT2JDvyNdB=w400-h400-l90-rj"
"148","148","https://lh3.googleusercontent.com/yAhz9N-gBv1lwjQNE6c3MvaMkcNtwtAFObWXeJ7kAxWUp5DNMA_BttYuAPFY4F8OJK5PnOwT2JDvyNdB=w400-h400-l90-rj"
"149","149","https://lh3.googleusercontent.com/yAhz9N-gBv1lwjQNE6c3MvaMkcNtwtAFObWXeJ7kAxWUp5DNMA_BttYuAPFY4F8OJK5PnOwT2JDvyNdB=w400-h400-l90-rj"
"150","150","https://lh3.googleusercontent.com/U59Z5rqGQQ_TtJg_UFNpW6l-oSCHVE-M3HEVHuNUfMTmY8llLv9yXiidK5ogz9ZUfdLOOp39zWY_2iMT=w400-h400-l90-rj"
"151","151","https://lh3.googleusercontent.com/U59Z5rqGQQ_TtJg_UFNpW6l-oSCHVE-M3HEVHuNUfMTmY8llLv9yXiidK5ogz9ZUfdLOOp39zWY_2iMT=w400-h400-l90-rj"
"152","152","https://lh3.googleusercontent.com/U59Z5rqGQQ_TtJg_UFNpW6l-oSCHVE-M3HEVHuNUfMTmY8llLv9yXiidK5ogz9ZUfdLOOp39zWY_2iMT=w400-h400-l90-rj"
"153","153","https://lh3.googleusercontent.com/U59Z5rqGQQ_TtJg_UFNpW6l-oSCHVE-M3HEVHuNUfMTmY8llLv9yXiidK5ogz9ZUfdLOOp39zWY_2iMT=w400-h400-l90-rj"
"154","154","https://lh3.googleusercontent.com/U59Z5rqGQQ_TtJg_UFNpW6l-oSCHVE-M3HEVHuNUfMTmY8llLv9yXiidK5ogz9ZUfdLOOp39zWY_2iMT=w400-h400-l90-rj"
"155","155","https://lh3.googleusercontent.com/T9k7GHOBsM4okqj2kN_ZX3R23ofgendIAmB0lxrZPkH95p5If3w2CCkaLBnxhMwkmmLzhAiBTRVXV-93=w400-h400-l90-rj"
"156","156","https://lh3.googleusercontent.com/T9k7GHOBsM4okqj2kN_ZX3R23ofgendIAmB0lxrZPkH95p5If3w2CCkaLBnxhMwkmmLzhAiBTRVXV-93=w400-h400-l90-rj"
"157","157","https://lh3.googleusercontent.com/T9k7GHOBsM4okqj2kN_ZX3R23ofgendIAmB0lxrZPkH95p5If3w2CCkaLBnxhMwkmmLzhAiBTRVXV-93=w400-h400-l90-rj"
"158","158","https://lh3.googleusercontent.com/T9k7GHOBsM4okqj2kN_ZX3R23ofgendIAmB0lxrZPkH95p5If3w2CCkaLBnxhMwkmmLzhAiBTRVXV-93=w400-h400-l90-rj"
